<annotation>
	<folder>椭圆形截面的玻璃瓶</folder>
	<filename>Image_20191007032107065.jpg</filename>
	<path>D:\bottleneck\img\检测 玻璃瓶\椭圆形截面的玻璃瓶\Image_20191007032107065.jpg</path>
	<source>
		<database>Unknown</database>
	</source>
	<size>
		<width>1280</width>
		<height>960</height>
		<depth>1</depth>
	</size>
	<segmented>0</segmented>
	<object>
		<name>bottleneck</name>
		<pose>Unspecified</pose>
		<truncated>0</truncated>
		<difficult>0</difficult>
		<bndbox>
			<xmin>1045</xmin>
			<ymin>220</ymin>
			<xmax>1158</xmax>
			<ymax>339</ymax>
		</bndbox>
	</object>
</annotation>
