<annotation>
	<folder>水滴形截面的玻璃瓶</folder>
	<filename>Image_20191006232118878.jpg</filename>
	<path>D:\bottleneck\img\检测 玻璃瓶\水滴形截面的玻璃瓶\Image_20191006232118878.jpg</path>
	<source>
		<database>Unknown</database>
	</source>
	<size>
		<width>1280</width>
		<height>960</height>
		<depth>1</depth>
	</size>
	<segmented>0</segmented>
	<object>
		<name>bottleneck</name>
		<pose>Unspecified</pose>
		<truncated>0</truncated>
		<difficult>0</difficult>
		<bndbox>
			<xmin>828</xmin>
			<ymin>218</ymin>
			<xmax>946</xmax>
			<ymax>329</ymax>
		</bndbox>
	</object>
</annotation>
